,0
0,Em co dich vu gui tin nhan SMS rao tin BDS den 20.000 so dt Khach Hang Tiem Nang dang giao dich BDS tai HCM va lan can trong 3 thang gan nhat. Anh chi lien he em khi can gui SMS tu dong rao tin BDS: 0348009350. Dich vu 100 vnd/tin.
1,Ho tro rao tin BDS: Em co dich vu gui tin nhan SMS rao tin BDS den 20.000 so dt Khach Hang Tiem Nang dang giao dich BDS tai HCM va lan can trong 3 thang gan nhat. Anh chi lien he em khi can gui SMS tu dong rao tin BDS: 0348009350. Dich vu 100 vnd/tin.
2,SMS rao tin cho BDS: Em co dich vu gui tin nhan SMS rao tin BDS den 20.000 so dt Khach Hang Tiem Nang dang giao dich BDS tai HCM va lan can trong 3 thang gan nhat. Anh chi lien he em khi can gui SMS tu dong rao tin BDS: 0348009350. Dich vu 100 vnd/tin.
3,Gui tin rao BDS qua SMS: Em co dich vu gui tin nhan SMS rao tin BDS den 20.000 so dt Khach Hang Tiem Nang dang giao dich BDS tai HCM va lan can trong 3 thang gan nhat. Anh chi lien he em khi can gui SMS tu dong rao tin BDS: 0348009350. Dich vu 100 vnd/tin.
4,Em co 20.000 so dt Khach Hang Tiem Nang dang giao dich BDS tai HCM va lan can trong 3 thang gan nhat. Anh chi lien he em khi can gui SMS tu dong rao tin BDS: 0348009350. Dich vu 100 vnd/tin.
5,Ho tro rao tin BDS: Em co 20.000 so dt Khach Hang Tiem Nang dang giao dich BDS tai HCM va lan can trong 3 thang gan nhat. Anh chi lien he em khi can gui SMS tu dong rao tin BDS: 0348009350. Dich vu 100 vnd/tin.
6,SMS rao tin cho BDS: Em co 20.000 so dt Khach Hang Tiem Nang dang giao dich BDS tai HCM va lan can trong 3 thang gan nhat. Anh chi lien he em khi can gui SMS tu dong rao tin BDS: 0348009350. Dich vu 100 vnd/tin.
7,Gui tin rao BDS qua SMS: Em co 20.000 so dt Khach Hang Tiem Nang dang giao dich BDS tai HCM va lan can trong 3 thang gan nhat. Anh chi lien he em khi can gui SMS tu dong rao tin BDS: 0348009350. Dich vu 100 vnd/tin.
8,Duy nhat ben em co Danh sach 20.000 so dt Khach Hang Tiem Nang dang giao dich BDS tai HCM va lan can trong 3 thang gan nhat. Anh chi lien he em khi can gui SMS tu dong rao tin BDS: 0348009350. Dich vu 100 vnd/tin.
9,Ho tro rao tin BDS: Duy nhat ben em co Danh sach 20.000 so dt Khach Hang Tiem Nang dang giao dich BDS tai HCM va lan can trong 3 thang gan nhat. Anh chi lien he em khi can gui SMS tu dong rao tin BDS: 0348009350. Dich vu 100 vnd/tin.
10,SMS rao tin cho BDS: Duy nhat ben em co Danh sach 20.000 so dt Khach Hang Tiem Nang dang giao dich BDS tai HCM va lan can trong 3 thang gan nhat. Anh chi lien he em khi can gui SMS tu dong rao tin BDS: 0348009350. Dich vu 100 vnd/tin.
11,Gui tin rao BDS qua SMS: Duy nhat ben em co Danh sach 20.000 so dt Khach Hang Tiem Nang dang giao dich BDS tai HCM va lan can trong 3 thang gan nhat. Anh chi lien he em khi can gui SMS tu dong rao tin BDS: 0348009350. Dich vu 100 vnd/tin.
12,"Danh sach 20.000 so dt Khach Hang Tiem Nang dang giao dich BDS tai HCM va lan can trong 3 thang gan nhat, duy nhat ben em co! Anh chi lien he em khi can gui SMS tu dong rao tin BDS: 0348009350. Dich vu 100 vnd/tin."
13,"Ho tro rao tin BDS: Danh sach 20.000 so dt Khach Hang Tiem Nang dang giao dich BDS tai HCM va lan can trong 3 thang gan nhat, duy nhat ben em co! Anh chi lien he em khi can gui SMS tu dong rao tin BDS: 0348009350. Dich vu 100 vnd/tin."
14,"SMS rao tin cho BDS: Danh sach 20.000 so dt Khach Hang Tiem Nang dang giao dich BDS tai HCM va lan can trong 3 thang gan nhat, duy nhat ben em co! Anh chi lien he em khi can gui SMS tu dong rao tin BDS: 0348009350. Dich vu 100 vnd/tin."
15,"Gui tin rao BDS qua SMS: Danh sach 20.000 so dt Khach Hang Tiem Nang dang giao dich BDS tai HCM va lan can trong 3 thang gan nhat, duy nhat ben em co! Anh chi lien he em khi can gui SMS tu dong rao tin BDS: 0348009350. Dich vu 100 vnd/tin."
16,"Em co dich vu gui tin nhan SMS rao tin BDS den 20.000 so dt Khach Hang Tiem Nang dang giao dich BDS tai HCM va lan can trong 3 thang gan nhat. Neu anh chi can gui tin nhan SMS rao tin BDS den danh sach nay, hay lien he em nhe 0348009350. Dich vu 100 vnd/tin."
17,"Ho tro rao tin BDS: Em co dich vu gui tin nhan SMS rao tin BDS den 20.000 so dt Khach Hang Tiem Nang dang giao dich BDS tai HCM va lan can trong 3 thang gan nhat. Neu anh chi can gui tin nhan SMS rao tin BDS den danh sach nay, hay lien he em nhe 0348009350. Dich vu 100 vnd/tin."
18,"SMS rao tin cho BDS: Em co dich vu gui tin nhan SMS rao tin BDS den 20.000 so dt Khach Hang Tiem Nang dang giao dich BDS tai HCM va lan can trong 3 thang gan nhat. Neu anh chi can gui tin nhan SMS rao tin BDS den danh sach nay, hay lien he em nhe 0348009350. Dich vu 100 vnd/tin."
19,"Gui tin rao BDS qua SMS: Em co dich vu gui tin nhan SMS rao tin BDS den 20.000 so dt Khach Hang Tiem Nang dang giao dich BDS tai HCM va lan can trong 3 thang gan nhat. Neu anh chi can gui tin nhan SMS rao tin BDS den danh sach nay, hay lien he em nhe 0348009350. Dich vu 100 vnd/tin."
20,"Em co 20.000 so dt Khach Hang Tiem Nang dang giao dich BDS tai HCM va lan can trong 3 thang gan nhat. Neu anh chi can gui tin nhan SMS rao tin BDS den danh sach nay, hay lien he em nhe 0348009350. Dich vu 100 vnd/tin."
21,"Ho tro rao tin BDS: Em co 20.000 so dt Khach Hang Tiem Nang dang giao dich BDS tai HCM va lan can trong 3 thang gan nhat. Neu anh chi can gui tin nhan SMS rao tin BDS den danh sach nay, hay lien he em nhe 0348009350. Dich vu 100 vnd/tin."
22,"SMS rao tin cho BDS: Em co 20.000 so dt Khach Hang Tiem Nang dang giao dich BDS tai HCM va lan can trong 3 thang gan nhat. Neu anh chi can gui tin nhan SMS rao tin BDS den danh sach nay, hay lien he em nhe 0348009350. Dich vu 100 vnd/tin."
23,"Gui tin rao BDS qua SMS: Em co 20.000 so dt Khach Hang Tiem Nang dang giao dich BDS tai HCM va lan can trong 3 thang gan nhat. Neu anh chi can gui tin nhan SMS rao tin BDS den danh sach nay, hay lien he em nhe 0348009350. Dich vu 100 vnd/tin."
24,"Duy nhat ben em co Danh sach 20.000 so dt Khach Hang Tiem Nang dang giao dich BDS tai HCM va lan can trong 3 thang gan nhat. Neu anh chi can gui tin nhan SMS rao tin BDS den danh sach nay, hay lien he em nhe 0348009350. Dich vu 100 vnd/tin."
25,"Ho tro rao tin BDS: Duy nhat ben em co Danh sach 20.000 so dt Khach Hang Tiem Nang dang giao dich BDS tai HCM va lan can trong 3 thang gan nhat. Neu anh chi can gui tin nhan SMS rao tin BDS den danh sach nay, hay lien he em nhe 0348009350. Dich vu 100 vnd/tin."
26,"SMS rao tin cho BDS: Duy nhat ben em co Danh sach 20.000 so dt Khach Hang Tiem Nang dang giao dich BDS tai HCM va lan can trong 3 thang gan nhat. Neu anh chi can gui tin nhan SMS rao tin BDS den danh sach nay, hay lien he em nhe 0348009350. Dich vu 100 vnd/tin."
27,"Gui tin rao BDS qua SMS: Duy nhat ben em co Danh sach 20.000 so dt Khach Hang Tiem Nang dang giao dich BDS tai HCM va lan can trong 3 thang gan nhat. Neu anh chi can gui tin nhan SMS rao tin BDS den danh sach nay, hay lien he em nhe 0348009350. Dich vu 100 vnd/tin."
28,"Danh sach 20.000 so dt Khach Hang Tiem Nang dang giao dich BDS tai HCM va lan can trong 3 thang gan nhat, duy nhat ben em co! Neu anh chi can gui tin nhan SMS rao tin BDS den danh sach nay, hay lien he em nhe 0348009350. Dich vu 100 vnd/tin."
29,"Ho tro rao tin BDS: Danh sach 20.000 so dt Khach Hang Tiem Nang dang giao dich BDS tai HCM va lan can trong 3 thang gan nhat, duy nhat ben em co! Neu anh chi can gui tin nhan SMS rao tin BDS den danh sach nay, hay lien he em nhe 0348009350. Dich vu 100 vnd/tin."
30,"SMS rao tin cho BDS: Danh sach 20.000 so dt Khach Hang Tiem Nang dang giao dich BDS tai HCM va lan can trong 3 thang gan nhat, duy nhat ben em co! Neu anh chi can gui tin nhan SMS rao tin BDS den danh sach nay, hay lien he em nhe 0348009350. Dich vu 100 vnd/tin."
31,"Gui tin rao BDS qua SMS: Danh sach 20.000 so dt Khach Hang Tiem Nang dang giao dich BDS tai HCM va lan can trong 3 thang gan nhat, duy nhat ben em co! Neu anh chi can gui tin nhan SMS rao tin BDS den danh sach nay, hay lien he em nhe 0348009350. Dich vu 100 vnd/tin."
32,Em co dich vu gui tin nhan SMS rao tin BDS den 20.000 so dt Khach Hang Tiem Nang dang giao dich BDS tai HCM va lan can trong 3 thang gan nhat. Anh chi LH em nhe: 0348009350. Em se gui tin SMS tu dong den danh sach nay de rao tin BDS cho anh chi. Dich vu 100 vnd/tin.
33,Ho tro rao tin BDS: Em co dich vu gui tin nhan SMS rao tin BDS den 20.000 so dt Khach Hang Tiem Nang dang giao dich BDS tai HCM va lan can trong 3 thang gan nhat. Anh chi LH em nhe: 0348009350. Em se gui tin SMS tu dong den danh sach nay de rao tin BDS cho anh chi. Dich vu 100 vnd/tin.
34,SMS rao tin cho BDS: Em co dich vu gui tin nhan SMS rao tin BDS den 20.000 so dt Khach Hang Tiem Nang dang giao dich BDS tai HCM va lan can trong 3 thang gan nhat. Anh chi LH em nhe: 0348009350. Em se gui tin SMS tu dong den danh sach nay de rao tin BDS cho anh chi. Dich vu 100 vnd/tin.
35,Gui tin rao BDS qua SMS: Em co dich vu gui tin nhan SMS rao tin BDS den 20.000 so dt Khach Hang Tiem Nang dang giao dich BDS tai HCM va lan can trong 3 thang gan nhat. Anh chi LH em nhe: 0348009350. Em se gui tin SMS tu dong den danh sach nay de rao tin BDS cho anh chi. Dich vu 100 vnd/tin.
36,Em co 20.000 so dt Khach Hang Tiem Nang dang giao dich BDS tai HCM va lan can trong 3 thang gan nhat. Anh chi LH em nhe: 0348009350. Em se gui tin SMS tu dong den danh sach nay de rao tin BDS cho anh chi. Dich vu 100 vnd/tin.
37,Ho tro rao tin BDS: Em co 20.000 so dt Khach Hang Tiem Nang dang giao dich BDS tai HCM va lan can trong 3 thang gan nhat. Anh chi LH em nhe: 0348009350. Em se gui tin SMS tu dong den danh sach nay de rao tin BDS cho anh chi. Dich vu 100 vnd/tin.
38,SMS rao tin cho BDS: Em co 20.000 so dt Khach Hang Tiem Nang dang giao dich BDS tai HCM va lan can trong 3 thang gan nhat. Anh chi LH em nhe: 0348009350. Em se gui tin SMS tu dong den danh sach nay de rao tin BDS cho anh chi. Dich vu 100 vnd/tin.
39,Gui tin rao BDS qua SMS: Em co 20.000 so dt Khach Hang Tiem Nang dang giao dich BDS tai HCM va lan can trong 3 thang gan nhat. Anh chi LH em nhe: 0348009350. Em se gui tin SMS tu dong den danh sach nay de rao tin BDS cho anh chi. Dich vu 100 vnd/tin.
40,Duy nhat ben em co Danh sach 20.000 so dt Khach Hang Tiem Nang dang giao dich BDS tai HCM va lan can trong 3 thang gan nhat. Anh chi LH em nhe: 0348009350. Em se gui tin SMS tu dong den danh sach nay de rao tin BDS cho anh chi. Dich vu 100 vnd/tin.
41,Ho tro rao tin BDS: Duy nhat ben em co Danh sach 20.000 so dt Khach Hang Tiem Nang dang giao dich BDS tai HCM va lan can trong 3 thang gan nhat. Anh chi LH em nhe: 0348009350. Em se gui tin SMS tu dong den danh sach nay de rao tin BDS cho anh chi. Dich vu 100 vnd/tin.
42,SMS rao tin cho BDS: Duy nhat ben em co Danh sach 20.000 so dt Khach Hang Tiem Nang dang giao dich BDS tai HCM va lan can trong 3 thang gan nhat. Anh chi LH em nhe: 0348009350. Em se gui tin SMS tu dong den danh sach nay de rao tin BDS cho anh chi. Dich vu 100 vnd/tin.
43,Gui tin rao BDS qua SMS: Duy nhat ben em co Danh sach 20.000 so dt Khach Hang Tiem Nang dang giao dich BDS tai HCM va lan can trong 3 thang gan nhat. Anh chi LH em nhe: 0348009350. Em se gui tin SMS tu dong den danh sach nay de rao tin BDS cho anh chi. Dich vu 100 vnd/tin.
44,"Danh sach 20.000 so dt Khach Hang Tiem Nang dang giao dich BDS tai HCM va lan can trong 3 thang gan nhat, duy nhat ben em co! Anh chi LH em nhe: 0348009350. Em se gui tin SMS tu dong den danh sach nay de rao tin BDS cho anh chi. Dich vu 100 vnd/tin."
45,"Ho tro rao tin BDS: Danh sach 20.000 so dt Khach Hang Tiem Nang dang giao dich BDS tai HCM va lan can trong 3 thang gan nhat, duy nhat ben em co! Anh chi LH em nhe: 0348009350. Em se gui tin SMS tu dong den danh sach nay de rao tin BDS cho anh chi. Dich vu 100 vnd/tin."
46,"SMS rao tin cho BDS: Danh sach 20.000 so dt Khach Hang Tiem Nang dang giao dich BDS tai HCM va lan can trong 3 thang gan nhat, duy nhat ben em co! Anh chi LH em nhe: 0348009350. Em se gui tin SMS tu dong den danh sach nay de rao tin BDS cho anh chi. Dich vu 100 vnd/tin."
47,"Gui tin rao BDS qua SMS: Danh sach 20.000 so dt Khach Hang Tiem Nang dang giao dich BDS tai HCM va lan can trong 3 thang gan nhat, duy nhat ben em co! Anh chi LH em nhe: 0348009350. Em se gui tin SMS tu dong den danh sach nay de rao tin BDS cho anh chi. Dich vu 100 vnd/tin."
48,"Em co dich vu gui tin nhan SMS rao tin BDS den 20.000 so dt Khach Hang Tiem Nang dang giao dich BDS tai HCM va lan can trong 3 thang gan nhat. So dt cua em: 0348009350, khi can gui tin SMS tu dong den danh sach nay, anh chi lien he em nhe. Dich vu 100 vnd/tin."
49,"Ho tro rao tin BDS: Em co dich vu gui tin nhan SMS rao tin BDS den 20.000 so dt Khach Hang Tiem Nang dang giao dich BDS tai HCM va lan can trong 3 thang gan nhat. So dt cua em: 0348009350, khi can gui tin SMS tu dong den danh sach nay, anh chi lien he em nhe. Dich vu 100 vnd/tin."
50,"SMS rao tin cho BDS: Em co dich vu gui tin nhan SMS rao tin BDS den 20.000 so dt Khach Hang Tiem Nang dang giao dich BDS tai HCM va lan can trong 3 thang gan nhat. So dt cua em: 0348009350, khi can gui tin SMS tu dong den danh sach nay, anh chi lien he em nhe. Dich vu 100 vnd/tin."
51,"Gui tin rao BDS qua SMS: Em co dich vu gui tin nhan SMS rao tin BDS den 20.000 so dt Khach Hang Tiem Nang dang giao dich BDS tai HCM va lan can trong 3 thang gan nhat. So dt cua em: 0348009350, khi can gui tin SMS tu dong den danh sach nay, anh chi lien he em nhe. Dich vu 100 vnd/tin."
52,"Em co 20.000 so dt Khach Hang Tiem Nang dang giao dich BDS tai HCM va lan can trong 3 thang gan nhat. So dt cua em: 0348009350, khi can gui tin SMS tu dong den danh sach nay, anh chi lien he em nhe. Dich vu 100 vnd/tin."
53,"Ho tro rao tin BDS: Em co 20.000 so dt Khach Hang Tiem Nang dang giao dich BDS tai HCM va lan can trong 3 thang gan nhat. So dt cua em: 0348009350, khi can gui tin SMS tu dong den danh sach nay, anh chi lien he em nhe. Dich vu 100 vnd/tin."
54,"SMS rao tin cho BDS: Em co 20.000 so dt Khach Hang Tiem Nang dang giao dich BDS tai HCM va lan can trong 3 thang gan nhat. So dt cua em: 0348009350, khi can gui tin SMS tu dong den danh sach nay, anh chi lien he em nhe. Dich vu 100 vnd/tin."
55,"Gui tin rao BDS qua SMS: Em co 20.000 so dt Khach Hang Tiem Nang dang giao dich BDS tai HCM va lan can trong 3 thang gan nhat. So dt cua em: 0348009350, khi can gui tin SMS tu dong den danh sach nay, anh chi lien he em nhe. Dich vu 100 vnd/tin."
56,"Duy nhat ben em co Danh sach 20.000 so dt Khach Hang Tiem Nang dang giao dich BDS tai HCM va lan can trong 3 thang gan nhat. So dt cua em: 0348009350, khi can gui tin SMS tu dong den danh sach nay, anh chi lien he em nhe. Dich vu 100 vnd/tin."
57,"Ho tro rao tin BDS: Duy nhat ben em co Danh sach 20.000 so dt Khach Hang Tiem Nang dang giao dich BDS tai HCM va lan can trong 3 thang gan nhat. So dt cua em: 0348009350, khi can gui tin SMS tu dong den danh sach nay, anh chi lien he em nhe. Dich vu 100 vnd/tin."
58,"SMS rao tin cho BDS: Duy nhat ben em co Danh sach 20.000 so dt Khach Hang Tiem Nang dang giao dich BDS tai HCM va lan can trong 3 thang gan nhat. So dt cua em: 0348009350, khi can gui tin SMS tu dong den danh sach nay, anh chi lien he em nhe. Dich vu 100 vnd/tin."
59,"Gui tin rao BDS qua SMS: Duy nhat ben em co Danh sach 20.000 so dt Khach Hang Tiem Nang dang giao dich BDS tai HCM va lan can trong 3 thang gan nhat. So dt cua em: 0348009350, khi can gui tin SMS tu dong den danh sach nay, anh chi lien he em nhe. Dich vu 100 vnd/tin."
60,"Danh sach 20.000 so dt Khach Hang Tiem Nang dang giao dich BDS tai HCM va lan can trong 3 thang gan nhat, duy nhat ben em co! So dt cua em: 0348009350, khi can gui tin SMS tu dong den danh sach nay, anh chi lien he em nhe. Dich vu 100 vnd/tin."
61,"Ho tro rao tin BDS: Danh sach 20.000 so dt Khach Hang Tiem Nang dang giao dich BDS tai HCM va lan can trong 3 thang gan nhat, duy nhat ben em co! So dt cua em: 0348009350, khi can gui tin SMS tu dong den danh sach nay, anh chi lien he em nhe. Dich vu 100 vnd/tin."
62,"SMS rao tin cho BDS: Danh sach 20.000 so dt Khach Hang Tiem Nang dang giao dich BDS tai HCM va lan can trong 3 thang gan nhat, duy nhat ben em co! So dt cua em: 0348009350, khi can gui tin SMS tu dong den danh sach nay, anh chi lien he em nhe. Dich vu 100 vnd/tin."
63,"Gui tin rao BDS qua SMS: Danh sach 20.000 so dt Khach Hang Tiem Nang dang giao dich BDS tai HCM va lan can trong 3 thang gan nhat, duy nhat ben em co! So dt cua em: 0348009350, khi can gui tin SMS tu dong den danh sach nay, anh chi lien he em nhe. Dich vu 100 vnd/tin."
64,Em co dich vu gui tin nhan SMS rao tin BDS den 20.000 so dt Khach Hang Tiem Nang dang giao dich BDS tai HCM va lan can trong 3 thang gan nhat. Anh chi lien he em khi can gui SMS tu dong rao tin BDS: 0348009350. Gia re 100 d/tin a!
65,Ho tro rao tin BDS: Em co dich vu gui tin nhan SMS rao tin BDS den 20.000 so dt Khach Hang Tiem Nang dang giao dich BDS tai HCM va lan can trong 3 thang gan nhat. Anh chi lien he em khi can gui SMS tu dong rao tin BDS: 0348009350. Gia re 100 d/tin a!
66,SMS rao tin cho BDS: Em co dich vu gui tin nhan SMS rao tin BDS den 20.000 so dt Khach Hang Tiem Nang dang giao dich BDS tai HCM va lan can trong 3 thang gan nhat. Anh chi lien he em khi can gui SMS tu dong rao tin BDS: 0348009350. Gia re 100 d/tin a!
67,Gui tin rao BDS qua SMS: Em co dich vu gui tin nhan SMS rao tin BDS den 20.000 so dt Khach Hang Tiem Nang dang giao dich BDS tai HCM va lan can trong 3 thang gan nhat. Anh chi lien he em khi can gui SMS tu dong rao tin BDS: 0348009350. Gia re 100 d/tin a!
68,Em co 20.000 so dt Khach Hang Tiem Nang dang giao dich BDS tai HCM va lan can trong 3 thang gan nhat. Anh chi lien he em khi can gui SMS tu dong rao tin BDS: 0348009350. Gia re 100 d/tin a!
69,Ho tro rao tin BDS: Em co 20.000 so dt Khach Hang Tiem Nang dang giao dich BDS tai HCM va lan can trong 3 thang gan nhat. Anh chi lien he em khi can gui SMS tu dong rao tin BDS: 0348009350. Gia re 100 d/tin a!
70,SMS rao tin cho BDS: Em co 20.000 so dt Khach Hang Tiem Nang dang giao dich BDS tai HCM va lan can trong 3 thang gan nhat. Anh chi lien he em khi can gui SMS tu dong rao tin BDS: 0348009350. Gia re 100 d/tin a!
71,Gui tin rao BDS qua SMS: Em co 20.000 so dt Khach Hang Tiem Nang dang giao dich BDS tai HCM va lan can trong 3 thang gan nhat. Anh chi lien he em khi can gui SMS tu dong rao tin BDS: 0348009350. Gia re 100 d/tin a!
72,Duy nhat ben em co Danh sach 20.000 so dt Khach Hang Tiem Nang dang giao dich BDS tai HCM va lan can trong 3 thang gan nhat. Anh chi lien he em khi can gui SMS tu dong rao tin BDS: 0348009350. Gia re 100 d/tin a!
73,Ho tro rao tin BDS: Duy nhat ben em co Danh sach 20.000 so dt Khach Hang Tiem Nang dang giao dich BDS tai HCM va lan can trong 3 thang gan nhat. Anh chi lien he em khi can gui SMS tu dong rao tin BDS: 0348009350. Gia re 100 d/tin a!
74,SMS rao tin cho BDS: Duy nhat ben em co Danh sach 20.000 so dt Khach Hang Tiem Nang dang giao dich BDS tai HCM va lan can trong 3 thang gan nhat. Anh chi lien he em khi can gui SMS tu dong rao tin BDS: 0348009350. Gia re 100 d/tin a!
75,Gui tin rao BDS qua SMS: Duy nhat ben em co Danh sach 20.000 so dt Khach Hang Tiem Nang dang giao dich BDS tai HCM va lan can trong 3 thang gan nhat. Anh chi lien he em khi can gui SMS tu dong rao tin BDS: 0348009350. Gia re 100 d/tin a!
76,"Danh sach 20.000 so dt Khach Hang Tiem Nang dang giao dich BDS tai HCM va lan can trong 3 thang gan nhat, duy nhat ben em co! Anh chi lien he em khi can gui SMS tu dong rao tin BDS: 0348009350. Gia re 100 d/tin a!"
77,"Ho tro rao tin BDS: Danh sach 20.000 so dt Khach Hang Tiem Nang dang giao dich BDS tai HCM va lan can trong 3 thang gan nhat, duy nhat ben em co! Anh chi lien he em khi can gui SMS tu dong rao tin BDS: 0348009350. Gia re 100 d/tin a!"
78,"SMS rao tin cho BDS: Danh sach 20.000 so dt Khach Hang Tiem Nang dang giao dich BDS tai HCM va lan can trong 3 thang gan nhat, duy nhat ben em co! Anh chi lien he em khi can gui SMS tu dong rao tin BDS: 0348009350. Gia re 100 d/tin a!"
79,"Gui tin rao BDS qua SMS: Danh sach 20.000 so dt Khach Hang Tiem Nang dang giao dich BDS tai HCM va lan can trong 3 thang gan nhat, duy nhat ben em co! Anh chi lien he em khi can gui SMS tu dong rao tin BDS: 0348009350. Gia re 100 d/tin a!"
80,"Em co dich vu gui tin nhan SMS rao tin BDS den 20.000 so dt Khach Hang Tiem Nang dang giao dich BDS tai HCM va lan can trong 3 thang gan nhat. Neu anh chi can gui tin nhan SMS rao tin BDS den danh sach nay, hay lien he em nhe 0348009350. Gia re 100 d/tin a!"
81,"Ho tro rao tin BDS: Em co dich vu gui tin nhan SMS rao tin BDS den 20.000 so dt Khach Hang Tiem Nang dang giao dich BDS tai HCM va lan can trong 3 thang gan nhat. Neu anh chi can gui tin nhan SMS rao tin BDS den danh sach nay, hay lien he em nhe 0348009350. Gia re 100 d/tin a!"
82,"SMS rao tin cho BDS: Em co dich vu gui tin nhan SMS rao tin BDS den 20.000 so dt Khach Hang Tiem Nang dang giao dich BDS tai HCM va lan can trong 3 thang gan nhat. Neu anh chi can gui tin nhan SMS rao tin BDS den danh sach nay, hay lien he em nhe 0348009350. Gia re 100 d/tin a!"
83,"Gui tin rao BDS qua SMS: Em co dich vu gui tin nhan SMS rao tin BDS den 20.000 so dt Khach Hang Tiem Nang dang giao dich BDS tai HCM va lan can trong 3 thang gan nhat. Neu anh chi can gui tin nhan SMS rao tin BDS den danh sach nay, hay lien he em nhe 0348009350. Gia re 100 d/tin a!"
84,"Em co 20.000 so dt Khach Hang Tiem Nang dang giao dich BDS tai HCM va lan can trong 3 thang gan nhat. Neu anh chi can gui tin nhan SMS rao tin BDS den danh sach nay, hay lien he em nhe 0348009350. Gia re 100 d/tin a!"
85,"Ho tro rao tin BDS: Em co 20.000 so dt Khach Hang Tiem Nang dang giao dich BDS tai HCM va lan can trong 3 thang gan nhat. Neu anh chi can gui tin nhan SMS rao tin BDS den danh sach nay, hay lien he em nhe 0348009350. Gia re 100 d/tin a!"
86,"SMS rao tin cho BDS: Em co 20.000 so dt Khach Hang Tiem Nang dang giao dich BDS tai HCM va lan can trong 3 thang gan nhat. Neu anh chi can gui tin nhan SMS rao tin BDS den danh sach nay, hay lien he em nhe 0348009350. Gia re 100 d/tin a!"
87,"Gui tin rao BDS qua SMS: Em co 20.000 so dt Khach Hang Tiem Nang dang giao dich BDS tai HCM va lan can trong 3 thang gan nhat. Neu anh chi can gui tin nhan SMS rao tin BDS den danh sach nay, hay lien he em nhe 0348009350. Gia re 100 d/tin a!"
88,"Duy nhat ben em co Danh sach 20.000 so dt Khach Hang Tiem Nang dang giao dich BDS tai HCM va lan can trong 3 thang gan nhat. Neu anh chi can gui tin nhan SMS rao tin BDS den danh sach nay, hay lien he em nhe 0348009350. Gia re 100 d/tin a!"
89,"Ho tro rao tin BDS: Duy nhat ben em co Danh sach 20.000 so dt Khach Hang Tiem Nang dang giao dich BDS tai HCM va lan can trong 3 thang gan nhat. Neu anh chi can gui tin nhan SMS rao tin BDS den danh sach nay, hay lien he em nhe 0348009350. Gia re 100 d/tin a!"
90,"SMS rao tin cho BDS: Duy nhat ben em co Danh sach 20.000 so dt Khach Hang Tiem Nang dang giao dich BDS tai HCM va lan can trong 3 thang gan nhat. Neu anh chi can gui tin nhan SMS rao tin BDS den danh sach nay, hay lien he em nhe 0348009350. Gia re 100 d/tin a!"
91,"Gui tin rao BDS qua SMS: Duy nhat ben em co Danh sach 20.000 so dt Khach Hang Tiem Nang dang giao dich BDS tai HCM va lan can trong 3 thang gan nhat. Neu anh chi can gui tin nhan SMS rao tin BDS den danh sach nay, hay lien he em nhe 0348009350. Gia re 100 d/tin a!"
92,"Danh sach 20.000 so dt Khach Hang Tiem Nang dang giao dich BDS tai HCM va lan can trong 3 thang gan nhat, duy nhat ben em co! Neu anh chi can gui tin nhan SMS rao tin BDS den danh sach nay, hay lien he em nhe 0348009350. Gia re 100 d/tin a!"
93,"Ho tro rao tin BDS: Danh sach 20.000 so dt Khach Hang Tiem Nang dang giao dich BDS tai HCM va lan can trong 3 thang gan nhat, duy nhat ben em co! Neu anh chi can gui tin nhan SMS rao tin BDS den danh sach nay, hay lien he em nhe 0348009350. Gia re 100 d/tin a!"
94,"SMS rao tin cho BDS: Danh sach 20.000 so dt Khach Hang Tiem Nang dang giao dich BDS tai HCM va lan can trong 3 thang gan nhat, duy nhat ben em co! Neu anh chi can gui tin nhan SMS rao tin BDS den danh sach nay, hay lien he em nhe 0348009350. Gia re 100 d/tin a!"
95,"Gui tin rao BDS qua SMS: Danh sach 20.000 so dt Khach Hang Tiem Nang dang giao dich BDS tai HCM va lan can trong 3 thang gan nhat, duy nhat ben em co! Neu anh chi can gui tin nhan SMS rao tin BDS den danh sach nay, hay lien he em nhe 0348009350. Gia re 100 d/tin a!"
96,Em co dich vu gui tin nhan SMS rao tin BDS den 20.000 so dt Khach Hang Tiem Nang dang giao dich BDS tai HCM va lan can trong 3 thang gan nhat. Anh chi LH em nhe: 0348009350. Em se gui tin SMS tu dong den danh sach nay de rao tin BDS cho anh chi. Gia re 100 d/tin a!
97,Ho tro rao tin BDS: Em co dich vu gui tin nhan SMS rao tin BDS den 20.000 so dt Khach Hang Tiem Nang dang giao dich BDS tai HCM va lan can trong 3 thang gan nhat. Anh chi LH em nhe: 0348009350. Em se gui tin SMS tu dong den danh sach nay de rao tin BDS cho anh chi. Gia re 100 d/tin a!
98,SMS rao tin cho BDS: Em co dich vu gui tin nhan SMS rao tin BDS den 20.000 so dt Khach Hang Tiem Nang dang giao dich BDS tai HCM va lan can trong 3 thang gan nhat. Anh chi LH em nhe: 0348009350. Em se gui tin SMS tu dong den danh sach nay de rao tin BDS cho anh chi. Gia re 100 d/tin a!
99,Gui tin rao BDS qua SMS: Em co dich vu gui tin nhan SMS rao tin BDS den 20.000 so dt Khach Hang Tiem Nang dang giao dich BDS tai HCM va lan can trong 3 thang gan nhat. Anh chi LH em nhe: 0348009350. Em se gui tin SMS tu dong den danh sach nay de rao tin BDS cho anh chi. Gia re 100 d/tin a!
100,Em co 20.000 so dt Khach Hang Tiem Nang dang giao dich BDS tai HCM va lan can trong 3 thang gan nhat. Anh chi LH em nhe: 0348009350. Em se gui tin SMS tu dong den danh sach nay de rao tin BDS cho anh chi. Gia re 100 d/tin a!
101,Ho tro rao tin BDS: Em co 20.000 so dt Khach Hang Tiem Nang dang giao dich BDS tai HCM va lan can trong 3 thang gan nhat. Anh chi LH em nhe: 0348009350. Em se gui tin SMS tu dong den danh sach nay de rao tin BDS cho anh chi. Gia re 100 d/tin a!
102,SMS rao tin cho BDS: Em co 20.000 so dt Khach Hang Tiem Nang dang giao dich BDS tai HCM va lan can trong 3 thang gan nhat. Anh chi LH em nhe: 0348009350. Em se gui tin SMS tu dong den danh sach nay de rao tin BDS cho anh chi. Gia re 100 d/tin a!
103,Gui tin rao BDS qua SMS: Em co 20.000 so dt Khach Hang Tiem Nang dang giao dich BDS tai HCM va lan can trong 3 thang gan nhat. Anh chi LH em nhe: 0348009350. Em se gui tin SMS tu dong den danh sach nay de rao tin BDS cho anh chi. Gia re 100 d/tin a!
104,Duy nhat ben em co Danh sach 20.000 so dt Khach Hang Tiem Nang dang giao dich BDS tai HCM va lan can trong 3 thang gan nhat. Anh chi LH em nhe: 0348009350. Em se gui tin SMS tu dong den danh sach nay de rao tin BDS cho anh chi. Gia re 100 d/tin a!
105,Ho tro rao tin BDS: Duy nhat ben em co Danh sach 20.000 so dt Khach Hang Tiem Nang dang giao dich BDS tai HCM va lan can trong 3 thang gan nhat. Anh chi LH em nhe: 0348009350. Em se gui tin SMS tu dong den danh sach nay de rao tin BDS cho anh chi. Gia re 100 d/tin a!
106,SMS rao tin cho BDS: Duy nhat ben em co Danh sach 20.000 so dt Khach Hang Tiem Nang dang giao dich BDS tai HCM va lan can trong 3 thang gan nhat. Anh chi LH em nhe: 0348009350. Em se gui tin SMS tu dong den danh sach nay de rao tin BDS cho anh chi. Gia re 100 d/tin a!
107,Gui tin rao BDS qua SMS: Duy nhat ben em co Danh sach 20.000 so dt Khach Hang Tiem Nang dang giao dich BDS tai HCM va lan can trong 3 thang gan nhat. Anh chi LH em nhe: 0348009350. Em se gui tin SMS tu dong den danh sach nay de rao tin BDS cho anh chi. Gia re 100 d/tin a!
108,"Danh sach 20.000 so dt Khach Hang Tiem Nang dang giao dich BDS tai HCM va lan can trong 3 thang gan nhat, duy nhat ben em co! Anh chi LH em nhe: 0348009350. Em se gui tin SMS tu dong den danh sach nay de rao tin BDS cho anh chi. Gia re 100 d/tin a!"
109,"Ho tro rao tin BDS: Danh sach 20.000 so dt Khach Hang Tiem Nang dang giao dich BDS tai HCM va lan can trong 3 thang gan nhat, duy nhat ben em co! Anh chi LH em nhe: 0348009350. Em se gui tin SMS tu dong den danh sach nay de rao tin BDS cho anh chi. Gia re 100 d/tin a!"
110,"SMS rao tin cho BDS: Danh sach 20.000 so dt Khach Hang Tiem Nang dang giao dich BDS tai HCM va lan can trong 3 thang gan nhat, duy nhat ben em co! Anh chi LH em nhe: 0348009350. Em se gui tin SMS tu dong den danh sach nay de rao tin BDS cho anh chi. Gia re 100 d/tin a!"
111,"Gui tin rao BDS qua SMS: Danh sach 20.000 so dt Khach Hang Tiem Nang dang giao dich BDS tai HCM va lan can trong 3 thang gan nhat, duy nhat ben em co! Anh chi LH em nhe: 0348009350. Em se gui tin SMS tu dong den danh sach nay de rao tin BDS cho anh chi. Gia re 100 d/tin a!"
112,"Em co dich vu gui tin nhan SMS rao tin BDS den 20.000 so dt Khach Hang Tiem Nang dang giao dich BDS tai HCM va lan can trong 3 thang gan nhat. So dt cua em: 0348009350, khi can gui tin SMS tu dong den danh sach nay, anh chi lien he em nhe. Gia re 100 d/tin a!"
113,"Ho tro rao tin BDS: Em co dich vu gui tin nhan SMS rao tin BDS den 20.000 so dt Khach Hang Tiem Nang dang giao dich BDS tai HCM va lan can trong 3 thang gan nhat. So dt cua em: 0348009350, khi can gui tin SMS tu dong den danh sach nay, anh chi lien he em nhe. Gia re 100 d/tin a!"
114,"SMS rao tin cho BDS: Em co dich vu gui tin nhan SMS rao tin BDS den 20.000 so dt Khach Hang Tiem Nang dang giao dich BDS tai HCM va lan can trong 3 thang gan nhat. So dt cua em: 0348009350, khi can gui tin SMS tu dong den danh sach nay, anh chi lien he em nhe. Gia re 100 d/tin a!"
115,"Gui tin rao BDS qua SMS: Em co dich vu gui tin nhan SMS rao tin BDS den 20.000 so dt Khach Hang Tiem Nang dang giao dich BDS tai HCM va lan can trong 3 thang gan nhat. So dt cua em: 0348009350, khi can gui tin SMS tu dong den danh sach nay, anh chi lien he em nhe. Gia re 100 d/tin a!"
116,"Em co 20.000 so dt Khach Hang Tiem Nang dang giao dich BDS tai HCM va lan can trong 3 thang gan nhat. So dt cua em: 0348009350, khi can gui tin SMS tu dong den danh sach nay, anh chi lien he em nhe. Gia re 100 d/tin a!"
117,"Ho tro rao tin BDS: Em co 20.000 so dt Khach Hang Tiem Nang dang giao dich BDS tai HCM va lan can trong 3 thang gan nhat. So dt cua em: 0348009350, khi can gui tin SMS tu dong den danh sach nay, anh chi lien he em nhe. Gia re 100 d/tin a!"
118,"SMS rao tin cho BDS: Em co 20.000 so dt Khach Hang Tiem Nang dang giao dich BDS tai HCM va lan can trong 3 thang gan nhat. So dt cua em: 0348009350, khi can gui tin SMS tu dong den danh sach nay, anh chi lien he em nhe. Gia re 100 d/tin a!"
119,"Gui tin rao BDS qua SMS: Em co 20.000 so dt Khach Hang Tiem Nang dang giao dich BDS tai HCM va lan can trong 3 thang gan nhat. So dt cua em: 0348009350, khi can gui tin SMS tu dong den danh sach nay, anh chi lien he em nhe. Gia re 100 d/tin a!"
120,"Duy nhat ben em co Danh sach 20.000 so dt Khach Hang Tiem Nang dang giao dich BDS tai HCM va lan can trong 3 thang gan nhat. So dt cua em: 0348009350, khi can gui tin SMS tu dong den danh sach nay, anh chi lien he em nhe. Gia re 100 d/tin a!"
121,"Ho tro rao tin BDS: Duy nhat ben em co Danh sach 20.000 so dt Khach Hang Tiem Nang dang giao dich BDS tai HCM va lan can trong 3 thang gan nhat. So dt cua em: 0348009350, khi can gui tin SMS tu dong den danh sach nay, anh chi lien he em nhe. Gia re 100 d/tin a!"
122,"SMS rao tin cho BDS: Duy nhat ben em co Danh sach 20.000 so dt Khach Hang Tiem Nang dang giao dich BDS tai HCM va lan can trong 3 thang gan nhat. So dt cua em: 0348009350, khi can gui tin SMS tu dong den danh sach nay, anh chi lien he em nhe. Gia re 100 d/tin a!"
123,"Gui tin rao BDS qua SMS: Duy nhat ben em co Danh sach 20.000 so dt Khach Hang Tiem Nang dang giao dich BDS tai HCM va lan can trong 3 thang gan nhat. So dt cua em: 0348009350, khi can gui tin SMS tu dong den danh sach nay, anh chi lien he em nhe. Gia re 100 d/tin a!"
124,"Danh sach 20.000 so dt Khach Hang Tiem Nang dang giao dich BDS tai HCM va lan can trong 3 thang gan nhat, duy nhat ben em co! So dt cua em: 0348009350, khi can gui tin SMS tu dong den danh sach nay, anh chi lien he em nhe. Gia re 100 d/tin a!"
125,"Ho tro rao tin BDS: Danh sach 20.000 so dt Khach Hang Tiem Nang dang giao dich BDS tai HCM va lan can trong 3 thang gan nhat, duy nhat ben em co! So dt cua em: 0348009350, khi can gui tin SMS tu dong den danh sach nay, anh chi lien he em nhe. Gia re 100 d/tin a!"
126,"SMS rao tin cho BDS: Danh sach 20.000 so dt Khach Hang Tiem Nang dang giao dich BDS tai HCM va lan can trong 3 thang gan nhat, duy nhat ben em co! So dt cua em: 0348009350, khi can gui tin SMS tu dong den danh sach nay, anh chi lien he em nhe. Gia re 100 d/tin a!"
127,"Gui tin rao BDS qua SMS: Danh sach 20.000 so dt Khach Hang Tiem Nang dang giao dich BDS tai HCM va lan can trong 3 thang gan nhat, duy nhat ben em co! So dt cua em: 0348009350, khi can gui tin SMS tu dong den danh sach nay, anh chi lien he em nhe. Gia re 100 d/tin a!"
128,Em co dich vu gui tin nhan SMS rao tin BDS den 20.000 so dt Khach Hang Tiem Nang dang giao dich BDS tai HCM va lan can trong 3 thang gan nhat. Anh chi lien he em khi can gui SMS tu dong rao tin BDS: 0348009350. Chi 100 dong/tin cho phi dich vu!
129,Ho tro rao tin BDS: Em co dich vu gui tin nhan SMS rao tin BDS den 20.000 so dt Khach Hang Tiem Nang dang giao dich BDS tai HCM va lan can trong 3 thang gan nhat. Anh chi lien he em khi can gui SMS tu dong rao tin BDS: 0348009350. Chi 100 dong/tin cho phi dich vu!
130,SMS rao tin cho BDS: Em co dich vu gui tin nhan SMS rao tin BDS den 20.000 so dt Khach Hang Tiem Nang dang giao dich BDS tai HCM va lan can trong 3 thang gan nhat. Anh chi lien he em khi can gui SMS tu dong rao tin BDS: 0348009350. Chi 100 dong/tin cho phi dich vu!
131,Gui tin rao BDS qua SMS: Em co dich vu gui tin nhan SMS rao tin BDS den 20.000 so dt Khach Hang Tiem Nang dang giao dich BDS tai HCM va lan can trong 3 thang gan nhat. Anh chi lien he em khi can gui SMS tu dong rao tin BDS: 0348009350. Chi 100 dong/tin cho phi dich vu!
132,Em co 20.000 so dt Khach Hang Tiem Nang dang giao dich BDS tai HCM va lan can trong 3 thang gan nhat. Anh chi lien he em khi can gui SMS tu dong rao tin BDS: 0348009350. Chi 100 dong/tin cho phi dich vu!
133,Ho tro rao tin BDS: Em co 20.000 so dt Khach Hang Tiem Nang dang giao dich BDS tai HCM va lan can trong 3 thang gan nhat. Anh chi lien he em khi can gui SMS tu dong rao tin BDS: 0348009350. Chi 100 dong/tin cho phi dich vu!
134,SMS rao tin cho BDS: Em co 20.000 so dt Khach Hang Tiem Nang dang giao dich BDS tai HCM va lan can trong 3 thang gan nhat. Anh chi lien he em khi can gui SMS tu dong rao tin BDS: 0348009350. Chi 100 dong/tin cho phi dich vu!
135,Gui tin rao BDS qua SMS: Em co 20.000 so dt Khach Hang Tiem Nang dang giao dich BDS tai HCM va lan can trong 3 thang gan nhat. Anh chi lien he em khi can gui SMS tu dong rao tin BDS: 0348009350. Chi 100 dong/tin cho phi dich vu!
136,Duy nhat ben em co Danh sach 20.000 so dt Khach Hang Tiem Nang dang giao dich BDS tai HCM va lan can trong 3 thang gan nhat. Anh chi lien he em khi can gui SMS tu dong rao tin BDS: 0348009350. Chi 100 dong/tin cho phi dich vu!
137,Ho tro rao tin BDS: Duy nhat ben em co Danh sach 20.000 so dt Khach Hang Tiem Nang dang giao dich BDS tai HCM va lan can trong 3 thang gan nhat. Anh chi lien he em khi can gui SMS tu dong rao tin BDS: 0348009350. Chi 100 dong/tin cho phi dich vu!
138,SMS rao tin cho BDS: Duy nhat ben em co Danh sach 20.000 so dt Khach Hang Tiem Nang dang giao dich BDS tai HCM va lan can trong 3 thang gan nhat. Anh chi lien he em khi can gui SMS tu dong rao tin BDS: 0348009350. Chi 100 dong/tin cho phi dich vu!
139,Gui tin rao BDS qua SMS: Duy nhat ben em co Danh sach 20.000 so dt Khach Hang Tiem Nang dang giao dich BDS tai HCM va lan can trong 3 thang gan nhat. Anh chi lien he em khi can gui SMS tu dong rao tin BDS: 0348009350. Chi 100 dong/tin cho phi dich vu!
140,"Danh sach 20.000 so dt Khach Hang Tiem Nang dang giao dich BDS tai HCM va lan can trong 3 thang gan nhat, duy nhat ben em co! Anh chi lien he em khi can gui SMS tu dong rao tin BDS: 0348009350. Chi 100 dong/tin cho phi dich vu!"
141,"Ho tro rao tin BDS: Danh sach 20.000 so dt Khach Hang Tiem Nang dang giao dich BDS tai HCM va lan can trong 3 thang gan nhat, duy nhat ben em co! Anh chi lien he em khi can gui SMS tu dong rao tin BDS: 0348009350. Chi 100 dong/tin cho phi dich vu!"
142,"SMS rao tin cho BDS: Danh sach 20.000 so dt Khach Hang Tiem Nang dang giao dich BDS tai HCM va lan can trong 3 thang gan nhat, duy nhat ben em co! Anh chi lien he em khi can gui SMS tu dong rao tin BDS: 0348009350. Chi 100 dong/tin cho phi dich vu!"
143,"Gui tin rao BDS qua SMS: Danh sach 20.000 so dt Khach Hang Tiem Nang dang giao dich BDS tai HCM va lan can trong 3 thang gan nhat, duy nhat ben em co! Anh chi lien he em khi can gui SMS tu dong rao tin BDS: 0348009350. Chi 100 dong/tin cho phi dich vu!"
144,"Em co dich vu gui tin nhan SMS rao tin BDS den 20.000 so dt Khach Hang Tiem Nang dang giao dich BDS tai HCM va lan can trong 3 thang gan nhat. Neu anh chi can gui tin nhan SMS rao tin BDS den danh sach nay, hay lien he em nhe 0348009350. Chi 100 dong/tin cho phi dich vu!"
145,"Ho tro rao tin BDS: Em co dich vu gui tin nhan SMS rao tin BDS den 20.000 so dt Khach Hang Tiem Nang dang giao dich BDS tai HCM va lan can trong 3 thang gan nhat. Neu anh chi can gui tin nhan SMS rao tin BDS den danh sach nay, hay lien he em nhe 0348009350. Chi 100 dong/tin cho phi dich vu!"
146,"SMS rao tin cho BDS: Em co dich vu gui tin nhan SMS rao tin BDS den 20.000 so dt Khach Hang Tiem Nang dang giao dich BDS tai HCM va lan can trong 3 thang gan nhat. Neu anh chi can gui tin nhan SMS rao tin BDS den danh sach nay, hay lien he em nhe 0348009350. Chi 100 dong/tin cho phi dich vu!"
147,"Gui tin rao BDS qua SMS: Em co dich vu gui tin nhan SMS rao tin BDS den 20.000 so dt Khach Hang Tiem Nang dang giao dich BDS tai HCM va lan can trong 3 thang gan nhat. Neu anh chi can gui tin nhan SMS rao tin BDS den danh sach nay, hay lien he em nhe 0348009350. Chi 100 dong/tin cho phi dich vu!"
148,"Em co 20.000 so dt Khach Hang Tiem Nang dang giao dich BDS tai HCM va lan can trong 3 thang gan nhat. Neu anh chi can gui tin nhan SMS rao tin BDS den danh sach nay, hay lien he em nhe 0348009350. Chi 100 dong/tin cho phi dich vu!"
149,"Ho tro rao tin BDS: Em co 20.000 so dt Khach Hang Tiem Nang dang giao dich BDS tai HCM va lan can trong 3 thang gan nhat. Neu anh chi can gui tin nhan SMS rao tin BDS den danh sach nay, hay lien he em nhe 0348009350. Chi 100 dong/tin cho phi dich vu!"
150,"SMS rao tin cho BDS: Em co 20.000 so dt Khach Hang Tiem Nang dang giao dich BDS tai HCM va lan can trong 3 thang gan nhat. Neu anh chi can gui tin nhan SMS rao tin BDS den danh sach nay, hay lien he em nhe 0348009350. Chi 100 dong/tin cho phi dich vu!"
151,"Gui tin rao BDS qua SMS: Em co 20.000 so dt Khach Hang Tiem Nang dang giao dich BDS tai HCM va lan can trong 3 thang gan nhat. Neu anh chi can gui tin nhan SMS rao tin BDS den danh sach nay, hay lien he em nhe 0348009350. Chi 100 dong/tin cho phi dich vu!"
152,"Duy nhat ben em co Danh sach 20.000 so dt Khach Hang Tiem Nang dang giao dich BDS tai HCM va lan can trong 3 thang gan nhat. Neu anh chi can gui tin nhan SMS rao tin BDS den danh sach nay, hay lien he em nhe 0348009350. Chi 100 dong/tin cho phi dich vu!"
153,"Ho tro rao tin BDS: Duy nhat ben em co Danh sach 20.000 so dt Khach Hang Tiem Nang dang giao dich BDS tai HCM va lan can trong 3 thang gan nhat. Neu anh chi can gui tin nhan SMS rao tin BDS den danh sach nay, hay lien he em nhe 0348009350. Chi 100 dong/tin cho phi dich vu!"
154,"SMS rao tin cho BDS: Duy nhat ben em co Danh sach 20.000 so dt Khach Hang Tiem Nang dang giao dich BDS tai HCM va lan can trong 3 thang gan nhat. Neu anh chi can gui tin nhan SMS rao tin BDS den danh sach nay, hay lien he em nhe 0348009350. Chi 100 dong/tin cho phi dich vu!"
155,"Gui tin rao BDS qua SMS: Duy nhat ben em co Danh sach 20.000 so dt Khach Hang Tiem Nang dang giao dich BDS tai HCM va lan can trong 3 thang gan nhat. Neu anh chi can gui tin nhan SMS rao tin BDS den danh sach nay, hay lien he em nhe 0348009350. Chi 100 dong/tin cho phi dich vu!"
156,"Danh sach 20.000 so dt Khach Hang Tiem Nang dang giao dich BDS tai HCM va lan can trong 3 thang gan nhat, duy nhat ben em co! Neu anh chi can gui tin nhan SMS rao tin BDS den danh sach nay, hay lien he em nhe 0348009350. Chi 100 dong/tin cho phi dich vu!"
157,"Ho tro rao tin BDS: Danh sach 20.000 so dt Khach Hang Tiem Nang dang giao dich BDS tai HCM va lan can trong 3 thang gan nhat, duy nhat ben em co! Neu anh chi can gui tin nhan SMS rao tin BDS den danh sach nay, hay lien he em nhe 0348009350. Chi 100 dong/tin cho phi dich vu!"
158,"SMS rao tin cho BDS: Danh sach 20.000 so dt Khach Hang Tiem Nang dang giao dich BDS tai HCM va lan can trong 3 thang gan nhat, duy nhat ben em co! Neu anh chi can gui tin nhan SMS rao tin BDS den danh sach nay, hay lien he em nhe 0348009350. Chi 100 dong/tin cho phi dich vu!"
159,"Gui tin rao BDS qua SMS: Danh sach 20.000 so dt Khach Hang Tiem Nang dang giao dich BDS tai HCM va lan can trong 3 thang gan nhat, duy nhat ben em co! Neu anh chi can gui tin nhan SMS rao tin BDS den danh sach nay, hay lien he em nhe 0348009350. Chi 100 dong/tin cho phi dich vu!"
160,Em co dich vu gui tin nhan SMS rao tin BDS den 20.000 so dt Khach Hang Tiem Nang dang giao dich BDS tai HCM va lan can trong 3 thang gan nhat. Anh chi LH em nhe: 0348009350. Em se gui tin SMS tu dong den danh sach nay de rao tin BDS cho anh chi. Chi 100 dong/tin cho phi dich vu!
161,Ho tro rao tin BDS: Em co dich vu gui tin nhan SMS rao tin BDS den 20.000 so dt Khach Hang Tiem Nang dang giao dich BDS tai HCM va lan can trong 3 thang gan nhat. Anh chi LH em nhe: 0348009350. Em se gui tin SMS tu dong den danh sach nay de rao tin BDS cho anh chi. Chi 100 dong/tin cho phi dich vu!
162,SMS rao tin cho BDS: Em co dich vu gui tin nhan SMS rao tin BDS den 20.000 so dt Khach Hang Tiem Nang dang giao dich BDS tai HCM va lan can trong 3 thang gan nhat. Anh chi LH em nhe: 0348009350. Em se gui tin SMS tu dong den danh sach nay de rao tin BDS cho anh chi. Chi 100 dong/tin cho phi dich vu!
163,Gui tin rao BDS qua SMS: Em co dich vu gui tin nhan SMS rao tin BDS den 20.000 so dt Khach Hang Tiem Nang dang giao dich BDS tai HCM va lan can trong 3 thang gan nhat. Anh chi LH em nhe: 0348009350. Em se gui tin SMS tu dong den danh sach nay de rao tin BDS cho anh chi. Chi 100 dong/tin cho phi dich vu!
164,Em co 20.000 so dt Khach Hang Tiem Nang dang giao dich BDS tai HCM va lan can trong 3 thang gan nhat. Anh chi LH em nhe: 0348009350. Em se gui tin SMS tu dong den danh sach nay de rao tin BDS cho anh chi. Chi 100 dong/tin cho phi dich vu!
165,Ho tro rao tin BDS: Em co 20.000 so dt Khach Hang Tiem Nang dang giao dich BDS tai HCM va lan can trong 3 thang gan nhat. Anh chi LH em nhe: 0348009350. Em se gui tin SMS tu dong den danh sach nay de rao tin BDS cho anh chi. Chi 100 dong/tin cho phi dich vu!
166,SMS rao tin cho BDS: Em co 20.000 so dt Khach Hang Tiem Nang dang giao dich BDS tai HCM va lan can trong 3 thang gan nhat. Anh chi LH em nhe: 0348009350. Em se gui tin SMS tu dong den danh sach nay de rao tin BDS cho anh chi. Chi 100 dong/tin cho phi dich vu!
167,Gui tin rao BDS qua SMS: Em co 20.000 so dt Khach Hang Tiem Nang dang giao dich BDS tai HCM va lan can trong 3 thang gan nhat. Anh chi LH em nhe: 0348009350. Em se gui tin SMS tu dong den danh sach nay de rao tin BDS cho anh chi. Chi 100 dong/tin cho phi dich vu!
168,Duy nhat ben em co Danh sach 20.000 so dt Khach Hang Tiem Nang dang giao dich BDS tai HCM va lan can trong 3 thang gan nhat. Anh chi LH em nhe: 0348009350. Em se gui tin SMS tu dong den danh sach nay de rao tin BDS cho anh chi. Chi 100 dong/tin cho phi dich vu!
169,Ho tro rao tin BDS: Duy nhat ben em co Danh sach 20.000 so dt Khach Hang Tiem Nang dang giao dich BDS tai HCM va lan can trong 3 thang gan nhat. Anh chi LH em nhe: 0348009350. Em se gui tin SMS tu dong den danh sach nay de rao tin BDS cho anh chi. Chi 100 dong/tin cho phi dich vu!
170,SMS rao tin cho BDS: Duy nhat ben em co Danh sach 20.000 so dt Khach Hang Tiem Nang dang giao dich BDS tai HCM va lan can trong 3 thang gan nhat. Anh chi LH em nhe: 0348009350. Em se gui tin SMS tu dong den danh sach nay de rao tin BDS cho anh chi. Chi 100 dong/tin cho phi dich vu!
171,Gui tin rao BDS qua SMS: Duy nhat ben em co Danh sach 20.000 so dt Khach Hang Tiem Nang dang giao dich BDS tai HCM va lan can trong 3 thang gan nhat. Anh chi LH em nhe: 0348009350. Em se gui tin SMS tu dong den danh sach nay de rao tin BDS cho anh chi. Chi 100 dong/tin cho phi dich vu!
172,"Danh sach 20.000 so dt Khach Hang Tiem Nang dang giao dich BDS tai HCM va lan can trong 3 thang gan nhat, duy nhat ben em co! Anh chi LH em nhe: 0348009350. Em se gui tin SMS tu dong den danh sach nay de rao tin BDS cho anh chi. Chi 100 dong/tin cho phi dich vu!"
173,"Ho tro rao tin BDS: Danh sach 20.000 so dt Khach Hang Tiem Nang dang giao dich BDS tai HCM va lan can trong 3 thang gan nhat, duy nhat ben em co! Anh chi LH em nhe: 0348009350. Em se gui tin SMS tu dong den danh sach nay de rao tin BDS cho anh chi. Chi 100 dong/tin cho phi dich vu!"
174,"SMS rao tin cho BDS: Danh sach 20.000 so dt Khach Hang Tiem Nang dang giao dich BDS tai HCM va lan can trong 3 thang gan nhat, duy nhat ben em co! Anh chi LH em nhe: 0348009350. Em se gui tin SMS tu dong den danh sach nay de rao tin BDS cho anh chi. Chi 100 dong/tin cho phi dich vu!"
175,"Gui tin rao BDS qua SMS: Danh sach 20.000 so dt Khach Hang Tiem Nang dang giao dich BDS tai HCM va lan can trong 3 thang gan nhat, duy nhat ben em co! Anh chi LH em nhe: 0348009350. Em se gui tin SMS tu dong den danh sach nay de rao tin BDS cho anh chi. Chi 100 dong/tin cho phi dich vu!"
176,"Em co dich vu gui tin nhan SMS rao tin BDS den 20.000 so dt Khach Hang Tiem Nang dang giao dich BDS tai HCM va lan can trong 3 thang gan nhat. So dt cua em: 0348009350, khi can gui tin SMS tu dong den danh sach nay, anh chi lien he em nhe. Chi 100 dong/tin cho phi dich vu!"
177,"Ho tro rao tin BDS: Em co dich vu gui tin nhan SMS rao tin BDS den 20.000 so dt Khach Hang Tiem Nang dang giao dich BDS tai HCM va lan can trong 3 thang gan nhat. So dt cua em: 0348009350, khi can gui tin SMS tu dong den danh sach nay, anh chi lien he em nhe. Chi 100 dong/tin cho phi dich vu!"
178,"SMS rao tin cho BDS: Em co dich vu gui tin nhan SMS rao tin BDS den 20.000 so dt Khach Hang Tiem Nang dang giao dich BDS tai HCM va lan can trong 3 thang gan nhat. So dt cua em: 0348009350, khi can gui tin SMS tu dong den danh sach nay, anh chi lien he em nhe. Chi 100 dong/tin cho phi dich vu!"
179,"Gui tin rao BDS qua SMS: Em co dich vu gui tin nhan SMS rao tin BDS den 20.000 so dt Khach Hang Tiem Nang dang giao dich BDS tai HCM va lan can trong 3 thang gan nhat. So dt cua em: 0348009350, khi can gui tin SMS tu dong den danh sach nay, anh chi lien he em nhe. Chi 100 dong/tin cho phi dich vu!"
180,"Em co 20.000 so dt Khach Hang Tiem Nang dang giao dich BDS tai HCM va lan can trong 3 thang gan nhat. So dt cua em: 0348009350, khi can gui tin SMS tu dong den danh sach nay, anh chi lien he em nhe. Chi 100 dong/tin cho phi dich vu!"
181,"Ho tro rao tin BDS: Em co 20.000 so dt Khach Hang Tiem Nang dang giao dich BDS tai HCM va lan can trong 3 thang gan nhat. So dt cua em: 0348009350, khi can gui tin SMS tu dong den danh sach nay, anh chi lien he em nhe. Chi 100 dong/tin cho phi dich vu!"
182,"SMS rao tin cho BDS: Em co 20.000 so dt Khach Hang Tiem Nang dang giao dich BDS tai HCM va lan can trong 3 thang gan nhat. So dt cua em: 0348009350, khi can gui tin SMS tu dong den danh sach nay, anh chi lien he em nhe. Chi 100 dong/tin cho phi dich vu!"
183,"Gui tin rao BDS qua SMS: Em co 20.000 so dt Khach Hang Tiem Nang dang giao dich BDS tai HCM va lan can trong 3 thang gan nhat. So dt cua em: 0348009350, khi can gui tin SMS tu dong den danh sach nay, anh chi lien he em nhe. Chi 100 dong/tin cho phi dich vu!"
184,"Duy nhat ben em co Danh sach 20.000 so dt Khach Hang Tiem Nang dang giao dich BDS tai HCM va lan can trong 3 thang gan nhat. So dt cua em: 0348009350, khi can gui tin SMS tu dong den danh sach nay, anh chi lien he em nhe. Chi 100 dong/tin cho phi dich vu!"
185,"Ho tro rao tin BDS: Duy nhat ben em co Danh sach 20.000 so dt Khach Hang Tiem Nang dang giao dich BDS tai HCM va lan can trong 3 thang gan nhat. So dt cua em: 0348009350, khi can gui tin SMS tu dong den danh sach nay, anh chi lien he em nhe. Chi 100 dong/tin cho phi dich vu!"
186,"SMS rao tin cho BDS: Duy nhat ben em co Danh sach 20.000 so dt Khach Hang Tiem Nang dang giao dich BDS tai HCM va lan can trong 3 thang gan nhat. So dt cua em: 0348009350, khi can gui tin SMS tu dong den danh sach nay, anh chi lien he em nhe. Chi 100 dong/tin cho phi dich vu!"
187,"Gui tin rao BDS qua SMS: Duy nhat ben em co Danh sach 20.000 so dt Khach Hang Tiem Nang dang giao dich BDS tai HCM va lan can trong 3 thang gan nhat. So dt cua em: 0348009350, khi can gui tin SMS tu dong den danh sach nay, anh chi lien he em nhe. Chi 100 dong/tin cho phi dich vu!"
188,"Danh sach 20.000 so dt Khach Hang Tiem Nang dang giao dich BDS tai HCM va lan can trong 3 thang gan nhat, duy nhat ben em co! So dt cua em: 0348009350, khi can gui tin SMS tu dong den danh sach nay, anh chi lien he em nhe. Chi 100 dong/tin cho phi dich vu!"
189,"Ho tro rao tin BDS: Danh sach 20.000 so dt Khach Hang Tiem Nang dang giao dich BDS tai HCM va lan can trong 3 thang gan nhat, duy nhat ben em co! So dt cua em: 0348009350, khi can gui tin SMS tu dong den danh sach nay, anh chi lien he em nhe. Chi 100 dong/tin cho phi dich vu!"
190,"SMS rao tin cho BDS: Danh sach 20.000 so dt Khach Hang Tiem Nang dang giao dich BDS tai HCM va lan can trong 3 thang gan nhat, duy nhat ben em co! So dt cua em: 0348009350, khi can gui tin SMS tu dong den danh sach nay, anh chi lien he em nhe. Chi 100 dong/tin cho phi dich vu!"
191,"Gui tin rao BDS qua SMS: Danh sach 20.000 so dt Khach Hang Tiem Nang dang giao dich BDS tai HCM va lan can trong 3 thang gan nhat, duy nhat ben em co! So dt cua em: 0348009350, khi can gui tin SMS tu dong den danh sach nay, anh chi lien he em nhe. Chi 100 dong/tin cho phi dich vu!"
192,Em co dich vu gui tin nhan SMS rao tin BDS den 20.000 so dt Khach Hang Tiem Nang dang giao dich BDS tai HCM va lan can trong 3 thang gan nhat. Anh chi lien he em khi can gui SMS tu dong rao tin BDS: 0348009350. Phi dich vu 100d/tin.
193,Ho tro rao tin BDS: Em co dich vu gui tin nhan SMS rao tin BDS den 20.000 so dt Khach Hang Tiem Nang dang giao dich BDS tai HCM va lan can trong 3 thang gan nhat. Anh chi lien he em khi can gui SMS tu dong rao tin BDS: 0348009350. Phi dich vu 100d/tin.
194,SMS rao tin cho BDS: Em co dich vu gui tin nhan SMS rao tin BDS den 20.000 so dt Khach Hang Tiem Nang dang giao dich BDS tai HCM va lan can trong 3 thang gan nhat. Anh chi lien he em khi can gui SMS tu dong rao tin BDS: 0348009350. Phi dich vu 100d/tin.
195,Gui tin rao BDS qua SMS: Em co dich vu gui tin nhan SMS rao tin BDS den 20.000 so dt Khach Hang Tiem Nang dang giao dich BDS tai HCM va lan can trong 3 thang gan nhat. Anh chi lien he em khi can gui SMS tu dong rao tin BDS: 0348009350. Phi dich vu 100d/tin.
196,Em co 20.000 so dt Khach Hang Tiem Nang dang giao dich BDS tai HCM va lan can trong 3 thang gan nhat. Anh chi lien he em khi can gui SMS tu dong rao tin BDS: 0348009350. Phi dich vu 100d/tin.
197,Ho tro rao tin BDS: Em co 20.000 so dt Khach Hang Tiem Nang dang giao dich BDS tai HCM va lan can trong 3 thang gan nhat. Anh chi lien he em khi can gui SMS tu dong rao tin BDS: 0348009350. Phi dich vu 100d/tin.
198,SMS rao tin cho BDS: Em co 20.000 so dt Khach Hang Tiem Nang dang giao dich BDS tai HCM va lan can trong 3 thang gan nhat. Anh chi lien he em khi can gui SMS tu dong rao tin BDS: 0348009350. Phi dich vu 100d/tin.
199,Gui tin rao BDS qua SMS: Em co 20.000 so dt Khach Hang Tiem Nang dang giao dich BDS tai HCM va lan can trong 3 thang gan nhat. Anh chi lien he em khi can gui SMS tu dong rao tin BDS: 0348009350. Phi dich vu 100d/tin.
200,Duy nhat ben em co Danh sach 20.000 so dt Khach Hang Tiem Nang dang giao dich BDS tai HCM va lan can trong 3 thang gan nhat. Anh chi lien he em khi can gui SMS tu dong rao tin BDS: 0348009350. Phi dich vu 100d/tin.
201,Ho tro rao tin BDS: Duy nhat ben em co Danh sach 20.000 so dt Khach Hang Tiem Nang dang giao dich BDS tai HCM va lan can trong 3 thang gan nhat. Anh chi lien he em khi can gui SMS tu dong rao tin BDS: 0348009350. Phi dich vu 100d/tin.
202,SMS rao tin cho BDS: Duy nhat ben em co Danh sach 20.000 so dt Khach Hang Tiem Nang dang giao dich BDS tai HCM va lan can trong 3 thang gan nhat. Anh chi lien he em khi can gui SMS tu dong rao tin BDS: 0348009350. Phi dich vu 100d/tin.
203,Gui tin rao BDS qua SMS: Duy nhat ben em co Danh sach 20.000 so dt Khach Hang Tiem Nang dang giao dich BDS tai HCM va lan can trong 3 thang gan nhat. Anh chi lien he em khi can gui SMS tu dong rao tin BDS: 0348009350. Phi dich vu 100d/tin.
204,"Danh sach 20.000 so dt Khach Hang Tiem Nang dang giao dich BDS tai HCM va lan can trong 3 thang gan nhat, duy nhat ben em co! Anh chi lien he em khi can gui SMS tu dong rao tin BDS: 0348009350. Phi dich vu 100d/tin."
205,"Ho tro rao tin BDS: Danh sach 20.000 so dt Khach Hang Tiem Nang dang giao dich BDS tai HCM va lan can trong 3 thang gan nhat, duy nhat ben em co! Anh chi lien he em khi can gui SMS tu dong rao tin BDS: 0348009350. Phi dich vu 100d/tin."
206,"SMS rao tin cho BDS: Danh sach 20.000 so dt Khach Hang Tiem Nang dang giao dich BDS tai HCM va lan can trong 3 thang gan nhat, duy nhat ben em co! Anh chi lien he em khi can gui SMS tu dong rao tin BDS: 0348009350. Phi dich vu 100d/tin."
207,"Gui tin rao BDS qua SMS: Danh sach 20.000 so dt Khach Hang Tiem Nang dang giao dich BDS tai HCM va lan can trong 3 thang gan nhat, duy nhat ben em co! Anh chi lien he em khi can gui SMS tu dong rao tin BDS: 0348009350. Phi dich vu 100d/tin."
208,"Em co dich vu gui tin nhan SMS rao tin BDS den 20.000 so dt Khach Hang Tiem Nang dang giao dich BDS tai HCM va lan can trong 3 thang gan nhat. Neu anh chi can gui tin nhan SMS rao tin BDS den danh sach nay, hay lien he em nhe 0348009350. Phi dich vu 100d/tin."
209,"Ho tro rao tin BDS: Em co dich vu gui tin nhan SMS rao tin BDS den 20.000 so dt Khach Hang Tiem Nang dang giao dich BDS tai HCM va lan can trong 3 thang gan nhat. Neu anh chi can gui tin nhan SMS rao tin BDS den danh sach nay, hay lien he em nhe 0348009350. Phi dich vu 100d/tin."
210,"SMS rao tin cho BDS: Em co dich vu gui tin nhan SMS rao tin BDS den 20.000 so dt Khach Hang Tiem Nang dang giao dich BDS tai HCM va lan can trong 3 thang gan nhat. Neu anh chi can gui tin nhan SMS rao tin BDS den danh sach nay, hay lien he em nhe 0348009350. Phi dich vu 100d/tin."
211,"Gui tin rao BDS qua SMS: Em co dich vu gui tin nhan SMS rao tin BDS den 20.000 so dt Khach Hang Tiem Nang dang giao dich BDS tai HCM va lan can trong 3 thang gan nhat. Neu anh chi can gui tin nhan SMS rao tin BDS den danh sach nay, hay lien he em nhe 0348009350. Phi dich vu 100d/tin."
212,"Em co 20.000 so dt Khach Hang Tiem Nang dang giao dich BDS tai HCM va lan can trong 3 thang gan nhat. Neu anh chi can gui tin nhan SMS rao tin BDS den danh sach nay, hay lien he em nhe 0348009350. Phi dich vu 100d/tin."
213,"Ho tro rao tin BDS: Em co 20.000 so dt Khach Hang Tiem Nang dang giao dich BDS tai HCM va lan can trong 3 thang gan nhat. Neu anh chi can gui tin nhan SMS rao tin BDS den danh sach nay, hay lien he em nhe 0348009350. Phi dich vu 100d/tin."
214,"SMS rao tin cho BDS: Em co 20.000 so dt Khach Hang Tiem Nang dang giao dich BDS tai HCM va lan can trong 3 thang gan nhat. Neu anh chi can gui tin nhan SMS rao tin BDS den danh sach nay, hay lien he em nhe 0348009350. Phi dich vu 100d/tin."
215,"Gui tin rao BDS qua SMS: Em co 20.000 so dt Khach Hang Tiem Nang dang giao dich BDS tai HCM va lan can trong 3 thang gan nhat. Neu anh chi can gui tin nhan SMS rao tin BDS den danh sach nay, hay lien he em nhe 0348009350. Phi dich vu 100d/tin."
216,"Duy nhat ben em co Danh sach 20.000 so dt Khach Hang Tiem Nang dang giao dich BDS tai HCM va lan can trong 3 thang gan nhat. Neu anh chi can gui tin nhan SMS rao tin BDS den danh sach nay, hay lien he em nhe 0348009350. Phi dich vu 100d/tin."
217,"Ho tro rao tin BDS: Duy nhat ben em co Danh sach 20.000 so dt Khach Hang Tiem Nang dang giao dich BDS tai HCM va lan can trong 3 thang gan nhat. Neu anh chi can gui tin nhan SMS rao tin BDS den danh sach nay, hay lien he em nhe 0348009350. Phi dich vu 100d/tin."
218,"SMS rao tin cho BDS: Duy nhat ben em co Danh sach 20.000 so dt Khach Hang Tiem Nang dang giao dich BDS tai HCM va lan can trong 3 thang gan nhat. Neu anh chi can gui tin nhan SMS rao tin BDS den danh sach nay, hay lien he em nhe 0348009350. Phi dich vu 100d/tin."
219,"Gui tin rao BDS qua SMS: Duy nhat ben em co Danh sach 20.000 so dt Khach Hang Tiem Nang dang giao dich BDS tai HCM va lan can trong 3 thang gan nhat. Neu anh chi can gui tin nhan SMS rao tin BDS den danh sach nay, hay lien he em nhe 0348009350. Phi dich vu 100d/tin."
220,"Danh sach 20.000 so dt Khach Hang Tiem Nang dang giao dich BDS tai HCM va lan can trong 3 thang gan nhat, duy nhat ben em co! Neu anh chi can gui tin nhan SMS rao tin BDS den danh sach nay, hay lien he em nhe 0348009350. Phi dich vu 100d/tin."
221,"Ho tro rao tin BDS: Danh sach 20.000 so dt Khach Hang Tiem Nang dang giao dich BDS tai HCM va lan can trong 3 thang gan nhat, duy nhat ben em co! Neu anh chi can gui tin nhan SMS rao tin BDS den danh sach nay, hay lien he em nhe 0348009350. Phi dich vu 100d/tin."
222,"SMS rao tin cho BDS: Danh sach 20.000 so dt Khach Hang Tiem Nang dang giao dich BDS tai HCM va lan can trong 3 thang gan nhat, duy nhat ben em co! Neu anh chi can gui tin nhan SMS rao tin BDS den danh sach nay, hay lien he em nhe 0348009350. Phi dich vu 100d/tin."
223,"Gui tin rao BDS qua SMS: Danh sach 20.000 so dt Khach Hang Tiem Nang dang giao dich BDS tai HCM va lan can trong 3 thang gan nhat, duy nhat ben em co! Neu anh chi can gui tin nhan SMS rao tin BDS den danh sach nay, hay lien he em nhe 0348009350. Phi dich vu 100d/tin."
224,Em co dich vu gui tin nhan SMS rao tin BDS den 20.000 so dt Khach Hang Tiem Nang dang giao dich BDS tai HCM va lan can trong 3 thang gan nhat. Anh chi LH em nhe: 0348009350. Em se gui tin SMS tu dong den danh sach nay de rao tin BDS cho anh chi. Phi dich vu 100d/tin.
225,Ho tro rao tin BDS: Em co dich vu gui tin nhan SMS rao tin BDS den 20.000 so dt Khach Hang Tiem Nang dang giao dich BDS tai HCM va lan can trong 3 thang gan nhat. Anh chi LH em nhe: 0348009350. Em se gui tin SMS tu dong den danh sach nay de rao tin BDS cho anh chi. Phi dich vu 100d/tin.
226,SMS rao tin cho BDS: Em co dich vu gui tin nhan SMS rao tin BDS den 20.000 so dt Khach Hang Tiem Nang dang giao dich BDS tai HCM va lan can trong 3 thang gan nhat. Anh chi LH em nhe: 0348009350. Em se gui tin SMS tu dong den danh sach nay de rao tin BDS cho anh chi. Phi dich vu 100d/tin.
227,Gui tin rao BDS qua SMS: Em co dich vu gui tin nhan SMS rao tin BDS den 20.000 so dt Khach Hang Tiem Nang dang giao dich BDS tai HCM va lan can trong 3 thang gan nhat. Anh chi LH em nhe: 0348009350. Em se gui tin SMS tu dong den danh sach nay de rao tin BDS cho anh chi. Phi dich vu 100d/tin.
228,Em co 20.000 so dt Khach Hang Tiem Nang dang giao dich BDS tai HCM va lan can trong 3 thang gan nhat. Anh chi LH em nhe: 0348009350. Em se gui tin SMS tu dong den danh sach nay de rao tin BDS cho anh chi. Phi dich vu 100d/tin.
229,Ho tro rao tin BDS: Em co 20.000 so dt Khach Hang Tiem Nang dang giao dich BDS tai HCM va lan can trong 3 thang gan nhat. Anh chi LH em nhe: 0348009350. Em se gui tin SMS tu dong den danh sach nay de rao tin BDS cho anh chi. Phi dich vu 100d/tin.
230,SMS rao tin cho BDS: Em co 20.000 so dt Khach Hang Tiem Nang dang giao dich BDS tai HCM va lan can trong 3 thang gan nhat. Anh chi LH em nhe: 0348009350. Em se gui tin SMS tu dong den danh sach nay de rao tin BDS cho anh chi. Phi dich vu 100d/tin.
231,Gui tin rao BDS qua SMS: Em co 20.000 so dt Khach Hang Tiem Nang dang giao dich BDS tai HCM va lan can trong 3 thang gan nhat. Anh chi LH em nhe: 0348009350. Em se gui tin SMS tu dong den danh sach nay de rao tin BDS cho anh chi. Phi dich vu 100d/tin.
232,Duy nhat ben em co Danh sach 20.000 so dt Khach Hang Tiem Nang dang giao dich BDS tai HCM va lan can trong 3 thang gan nhat. Anh chi LH em nhe: 0348009350. Em se gui tin SMS tu dong den danh sach nay de rao tin BDS cho anh chi. Phi dich vu 100d/tin.
233,Ho tro rao tin BDS: Duy nhat ben em co Danh sach 20.000 so dt Khach Hang Tiem Nang dang giao dich BDS tai HCM va lan can trong 3 thang gan nhat. Anh chi LH em nhe: 0348009350. Em se gui tin SMS tu dong den danh sach nay de rao tin BDS cho anh chi. Phi dich vu 100d/tin.
234,SMS rao tin cho BDS: Duy nhat ben em co Danh sach 20.000 so dt Khach Hang Tiem Nang dang giao dich BDS tai HCM va lan can trong 3 thang gan nhat. Anh chi LH em nhe: 0348009350. Em se gui tin SMS tu dong den danh sach nay de rao tin BDS cho anh chi. Phi dich vu 100d/tin.
235,Gui tin rao BDS qua SMS: Duy nhat ben em co Danh sach 20.000 so dt Khach Hang Tiem Nang dang giao dich BDS tai HCM va lan can trong 3 thang gan nhat. Anh chi LH em nhe: 0348009350. Em se gui tin SMS tu dong den danh sach nay de rao tin BDS cho anh chi. Phi dich vu 100d/tin.
236,"Danh sach 20.000 so dt Khach Hang Tiem Nang dang giao dich BDS tai HCM va lan can trong 3 thang gan nhat, duy nhat ben em co! Anh chi LH em nhe: 0348009350. Em se gui tin SMS tu dong den danh sach nay de rao tin BDS cho anh chi. Phi dich vu 100d/tin."
237,"Ho tro rao tin BDS: Danh sach 20.000 so dt Khach Hang Tiem Nang dang giao dich BDS tai HCM va lan can trong 3 thang gan nhat, duy nhat ben em co! Anh chi LH em nhe: 0348009350. Em se gui tin SMS tu dong den danh sach nay de rao tin BDS cho anh chi. Phi dich vu 100d/tin."
238,"SMS rao tin cho BDS: Danh sach 20.000 so dt Khach Hang Tiem Nang dang giao dich BDS tai HCM va lan can trong 3 thang gan nhat, duy nhat ben em co! Anh chi LH em nhe: 0348009350. Em se gui tin SMS tu dong den danh sach nay de rao tin BDS cho anh chi. Phi dich vu 100d/tin."
239,"Gui tin rao BDS qua SMS: Danh sach 20.000 so dt Khach Hang Tiem Nang dang giao dich BDS tai HCM va lan can trong 3 thang gan nhat, duy nhat ben em co! Anh chi LH em nhe: 0348009350. Em se gui tin SMS tu dong den danh sach nay de rao tin BDS cho anh chi. Phi dich vu 100d/tin."
240,"Em co dich vu gui tin nhan SMS rao tin BDS den 20.000 so dt Khach Hang Tiem Nang dang giao dich BDS tai HCM va lan can trong 3 thang gan nhat. So dt cua em: 0348009350, khi can gui tin SMS tu dong den danh sach nay, anh chi lien he em nhe. Phi dich vu 100d/tin."
241,"Ho tro rao tin BDS: Em co dich vu gui tin nhan SMS rao tin BDS den 20.000 so dt Khach Hang Tiem Nang dang giao dich BDS tai HCM va lan can trong 3 thang gan nhat. So dt cua em: 0348009350, khi can gui tin SMS tu dong den danh sach nay, anh chi lien he em nhe. Phi dich vu 100d/tin."
242,"SMS rao tin cho BDS: Em co dich vu gui tin nhan SMS rao tin BDS den 20.000 so dt Khach Hang Tiem Nang dang giao dich BDS tai HCM va lan can trong 3 thang gan nhat. So dt cua em: 0348009350, khi can gui tin SMS tu dong den danh sach nay, anh chi lien he em nhe. Phi dich vu 100d/tin."
243,"Gui tin rao BDS qua SMS: Em co dich vu gui tin nhan SMS rao tin BDS den 20.000 so dt Khach Hang Tiem Nang dang giao dich BDS tai HCM va lan can trong 3 thang gan nhat. So dt cua em: 0348009350, khi can gui tin SMS tu dong den danh sach nay, anh chi lien he em nhe. Phi dich vu 100d/tin."
244,"Em co 20.000 so dt Khach Hang Tiem Nang dang giao dich BDS tai HCM va lan can trong 3 thang gan nhat. So dt cua em: 0348009350, khi can gui tin SMS tu dong den danh sach nay, anh chi lien he em nhe. Phi dich vu 100d/tin."
245,"Ho tro rao tin BDS: Em co 20.000 so dt Khach Hang Tiem Nang dang giao dich BDS tai HCM va lan can trong 3 thang gan nhat. So dt cua em: 0348009350, khi can gui tin SMS tu dong den danh sach nay, anh chi lien he em nhe. Phi dich vu 100d/tin."
246,"SMS rao tin cho BDS: Em co 20.000 so dt Khach Hang Tiem Nang dang giao dich BDS tai HCM va lan can trong 3 thang gan nhat. So dt cua em: 0348009350, khi can gui tin SMS tu dong den danh sach nay, anh chi lien he em nhe. Phi dich vu 100d/tin."
247,"Gui tin rao BDS qua SMS: Em co 20.000 so dt Khach Hang Tiem Nang dang giao dich BDS tai HCM va lan can trong 3 thang gan nhat. So dt cua em: 0348009350, khi can gui tin SMS tu dong den danh sach nay, anh chi lien he em nhe. Phi dich vu 100d/tin."
248,"Duy nhat ben em co Danh sach 20.000 so dt Khach Hang Tiem Nang dang giao dich BDS tai HCM va lan can trong 3 thang gan nhat. So dt cua em: 0348009350, khi can gui tin SMS tu dong den danh sach nay, anh chi lien he em nhe. Phi dich vu 100d/tin."
249,"Ho tro rao tin BDS: Duy nhat ben em co Danh sach 20.000 so dt Khach Hang Tiem Nang dang giao dich BDS tai HCM va lan can trong 3 thang gan nhat. So dt cua em: 0348009350, khi can gui tin SMS tu dong den danh sach nay, anh chi lien he em nhe. Phi dich vu 100d/tin."
250,"SMS rao tin cho BDS: Duy nhat ben em co Danh sach 20.000 so dt Khach Hang Tiem Nang dang giao dich BDS tai HCM va lan can trong 3 thang gan nhat. So dt cua em: 0348009350, khi can gui tin SMS tu dong den danh sach nay, anh chi lien he em nhe. Phi dich vu 100d/tin."
251,"Gui tin rao BDS qua SMS: Duy nhat ben em co Danh sach 20.000 so dt Khach Hang Tiem Nang dang giao dich BDS tai HCM va lan can trong 3 thang gan nhat. So dt cua em: 0348009350, khi can gui tin SMS tu dong den danh sach nay, anh chi lien he em nhe. Phi dich vu 100d/tin."
252,"Danh sach 20.000 so dt Khach Hang Tiem Nang dang giao dich BDS tai HCM va lan can trong 3 thang gan nhat, duy nhat ben em co! So dt cua em: 0348009350, khi can gui tin SMS tu dong den danh sach nay, anh chi lien he em nhe. Phi dich vu 100d/tin."
253,"Ho tro rao tin BDS: Danh sach 20.000 so dt Khach Hang Tiem Nang dang giao dich BDS tai HCM va lan can trong 3 thang gan nhat, duy nhat ben em co! So dt cua em: 0348009350, khi can gui tin SMS tu dong den danh sach nay, anh chi lien he em nhe. Phi dich vu 100d/tin."
254,"SMS rao tin cho BDS: Danh sach 20.000 so dt Khach Hang Tiem Nang dang giao dich BDS tai HCM va lan can trong 3 thang gan nhat, duy nhat ben em co! So dt cua em: 0348009350, khi can gui tin SMS tu dong den danh sach nay, anh chi lien he em nhe. Phi dich vu 100d/tin."
255,"Gui tin rao BDS qua SMS: Danh sach 20.000 so dt Khach Hang Tiem Nang dang giao dich BDS tai HCM va lan can trong 3 thang gan nhat, duy nhat ben em co! So dt cua em: 0348009350, khi can gui tin SMS tu dong den danh sach nay, anh chi lien he em nhe. Phi dich vu 100d/tin."
